
mysql> show databases;
+--------------------+
| Database           |
+--------------------+
| employeemanagement |
| hospitalmanagement |
| information_schema |
| librarymanagement  |
| mysql              |
| performance_schema |
| sakila             |
| sample_db          |
| sys                |
| world              |
+--------------------+
10 rows in set (0.03 sec)

mysql> select * from employee;
+----+----------------+----------+
| ID | NAME           | SALARY   |
+----+----------------+----------+
|  1 | MUSKAN  GUPTA  | 59000.00 |
|  2 | AFROZ ALAM     | 55000.00 |
|  3 | RAGHAV SHARMA  | 51000.00 |
+----+----------------+----------+
3 rows in set (0.01 sec)

mysql> describe employee;
+--------+---------------+------+-----+---------+----------------+
| Field  | Type          | Null | Key | Default | Extra          |
+--------+---------------+------+-----+---------+----------------+
| ID     | int           | NO   | PRI | NULL    | auto_increment |
| NAME   | varchar(100)  | NO   |     | NULL    |                |
| SALARY | decimal(10,2) | YES  |     | NULL    |                |
+--------+---------------+------+-----+---------+----------------+
3 rows in set (0.02 sec)

mysql> select * from employee;
+----+----------------+----------+
| ID | NAME           | SALARY   |
+----+----------------+----------+
|  1 | MUSKAN  GUPTA  | 59000.00 |
|  2 | AFROZ ALAM     | 55000.00 |
|  3 | RAGHAV SHARMA  | 51000.00 |
|  5 | Krishna jadhav | 57000.00 |
+----+----------------+----------+
4 rows in set (0.00 sec)

console based 

1. Add Employee
2. Get All Employees
3. Update Employee Salary
4. Delete Employee
5. Search Employee By Name
6. Exit
2
Database connected successfully!
1 | MUSKAN  GUPTA  | 59000
2 | AFROZ ALAM | 55000
3 | RAGHAV SHARMA | 51000
5 | Krishna jadhav | 57000

1. Add Employee
2. Get All Employees
3. Update Employee Salary
4. Delete Employee
5. Search Employee By Name
6. Exit
5

%Musk%
Enter name to search:
%Mus
Database connected successfully!
1 | MUSKAN  GUPTA  | 59000
1. Add Employee
2. Get All Employees
3. Update Employee Salary
4. Delete Employee
5. Search Employee By Name
6. Exit

1
Enter name:
Piyush sahu
Enter salary:
49000
Database connected successfully!
1. Add Employee
2. Get All Employees
3. Update Employee Salary
4. Delete Employee
5. Search Employee By Name
6. Exit

3
Enter Employee ID:
2
Enter new salary:
57000
Database connected successfully!

1. Add Employee
2. Get All Employees
3. Update Employee Salary
4. Delete Employee
5. Search Employee By Name
6. Exit
Program ended successfully!!